AUC,AUPRC,F1
0.999843137254902,0.9982486865148862,0.9982456140350877
0.9989593025259312,0.972033602339801,0.9565972222222222
0.9989362831248493,0.9764032947412384,0.9451114922813036
1.0,1.0,1.0
0.9987042971846032,0.9643706377033718,0.9599303135888502
0.9988120886315863,0.9623520964391419,0.9556135770234987
